{"disk":{"diskPath":"C:","free":2772959232,"size":255264288768},"ram":1.153503232,"cpu":0.42113095238095233}