{"disk":{"diskPath":"C:","free":2786607104,"size":255264288768},"ram":0.47323136,"cpu":0.4011996001332889}