{"disk":{"diskPath":"C:","free":11835895808,"size":255264288768},"ram":1.10002176,"cpu":0.059833333333333294}